Time,ParticipantID,Task,Label,X,Y,Velocity,Acceleration,ButtonState,ActiveWindow,Event
0.0111,geethu,Navigation,Navigation,945,541,0.00,0.00,None,N/A,
0.0211,geethu,Navigation,Navigation,945,541,0.00,0.00,None,N/A,
0.0306,geethu,Navigation,Navigation,945,541,0.00,0.00,None,N/A,
0.0409,geethu,Navigation,Navigation,945,541,0.00,0.00,None,N/A,
0.0514,geethu,Navigation,Navigation,945,541,0.00,0.00,None,N/A,
0.0610,geethu,Navigation,Navigation,945,541,0.00,0.00,None,N/A,
0.0706,geethu,Navigation,Navigation,945,541,0.00,0.00,None,N/A,
0.0810,geethu,Navigation,Navigation,945,541,0.00,0.00,None,N/A,
0.0906,geethu,Navigation,Navigation,945,541,0.00,0.00,None,N/A,
0.1014,geethu,Navigation,Navigation,945,541,0.00,0.00,None,N/A,
0.1113,geethu,Navigation,Navigation,945,541,0.00,0.00,None,N/A,
0.1210,geethu,Navigation,Navigation,945,541,0.00,0.00,None,N/A,
0.1315,geethu,Navigation,Navigation,945,541,0.00,0.00,None,N/A,
0.1409,geethu,Navigation,Navigation,945,541,0.00,0.00,None,N/A,
0.1515,geethu,Navigation,Navigation,945,541,0.00,0.00,None,N/A,
0.1611,geethu,Navigation,Navigation,945,541,0.00,0.00,None,N/A,
0.1708,geethu,Navigation,Navigation,945,541,0.00,0.00,None,N/A,
0.1813,geethu,Navigation,Navigation,945,541,0.00,0.00,None,N/A,
0.1909,geethu,Navigation,Navigation,945,541,0.00,0.00,None,N/A,
0.2014,geethu,Navigation,Navigation,945,541,0.00,0.00,None,N/A,
0.2109,geethu,Navigation,Navigation,945,541,0.00,0.00,None,N/A,
0.2214,geethu,Navigation,Navigation,945,541,0.00,0.00,None,N/A,
0.2309,geethu,Navigation,Navigation,945,541,0.00,0.00,None,N/A,
0.2405,geethu,Navigation,Navigation,945,541,0.00,0.00,None,N/A,
0.2515,geethu,Navigation,Navigation,945,541,0.00,0.00,None,N/A,
0.2609,geethu,Navigation,Navigation,945,541,0.00,0.00,None,N/A,
0.2706,geethu,Navigation,Navigation,945,541,0.00,0.00,None,N/A,
0.2812,geethu,Navigation,Navigation,945,541,0.00,0.00,None,N/A,
0.2912,geethu,Navigation,Navigation,945,541,0.00,0.00,None,N/A,
0.3006,geethu,Navigation,Navigation,945,541,0.00,0.00,None,N/A,
0.3112,geethu,Navigation,Navigation,945,541,0.00,0.00,None,N/A,
0.3207,geethu,Navigation,Navigation,945,541,0.00,0.00,None,N/A,
0.3313,geethu,Navigation,Navigation,945,541,0.00,0.00,None,N/A,
0.3414,geethu,Navigation,Navigation,945,541,0.00,0.00,None,N/A,
0.3509,geethu,Navigation,Navigation,945,541,0.00,0.00,None,N/A,
0.3613,geethu,Navigation,Navigation,945,541,0.00,0.00,None,N/A,
0.3708,geethu,Navigation,Navigation,945,541,0.00,0.00,None,N/A,
0.3812,geethu,Navigation,Navigation,945,541,0.00,0.00,None,N/A,
0.3908,geethu,Navigation,Navigation,945,541,0.00,0.00,None,N/A,
0.4006,geethu,Navigation,Navigation,945,541,0.00,0.00,None,N/A,
0.4114,geethu,Navigation,Navigation,945,541,0.00,0.00,None,N/A,
0.4210,geethu,Navigation,Navigation,945,541,0.00,0.00,None,N/A,
0.4315,geethu,Navigation,Navigation,945,541,0.00,0.00,None,N/A,
0.4411,geethu,Navigation,Navigation,945,541,0.00,0.00,None,N/A,
0.4506,geethu,Navigation,Navigation,945,541,0.00,0.00,None,N/A,
0.4611,geethu,Navigation,Navigation,945,541,0.00,0.00,None,N/A,
0.4707,geethu,Navigation,Navigation,945,541,0.00,0.00,None,N/A,
0.4812,geethu,Navigation,Navigation,945,541,0.00,0.00,None,N/A,
0.4908,geethu,Navigation,Navigation,945,541,0.00,0.00,None,N/A,
0.5013,geethu,Navigation,Navigation,945,541,0.00,0.00,None,N/A,
0.5109,geethu,Navigation,Navigation,945,541,0.00,0.00,None,N/A,
0.5215,geethu,Navigation,Navigation,945,541,0.00,0.00,None,N/A,
0.5309,geethu,Navigation,Navigation,945,541,0.00,0.00,None,N/A,
0.5408,geethu,Navigation,Navigation,945,541,0.00,0.00,None,N/A,
0.5514,geethu,Navigation,Navigation,945,541,0.00,0.00,None,N/A,
0.5610,geethu,Navigation,Navigation,945,541,0.00,0.00,None,N/A,
0.5705,geethu,Navigation,Navigation,945,541,0.00,0.00,None,N/A,
0.5811,geethu,Navigation,Navigation,945,541,0.00,0.00,None,N/A,
0.5915,geethu,Navigation,Navigation,945,541,0.00,0.00,None,N/A,
0.6012,geethu,Navigation,Navigation,945,541,0.00,0.00,None,N/A,
0.6107,geethu,Navigation,Navigation,945,541,0.00,0.00,None,N/A,
0.6214,geethu,Navigation,Navigation,945,541,0.00,0.00,None,N/A,
0.6311,geethu,Navigation,Navigation,945,541,0.00,0.00,None,N/A,
0.6407,geethu,Navigation,Navigation,945,541,0.00,0.00,None,N/A,
0.6513,geethu,Navigation,Navigation,945,541,0.00,0.00,None,N/A,
0.6608,geethu,Navigation,Navigation,945,541,0.00,0.00,None,N/A,
0.6713,geethu,Navigation,Navigation,945,541,0.00,0.00,None,N/A,
0.6809,geethu,Navigation,Navigation,945,541,0.00,0.00,None,N/A,
0.6912,geethu,Navigation,Navigation,945,541,0.00,0.00,None,N/A,
0.7012,geethu,Navigation,Navigation,945,541,0.00,0.00,None,N/A,
0.7108,geethu,Navigation,Navigation,945,541,0.00,0.00,None,N/A,
0.7213,geethu,Navigation,Navigation,945,541,0.00,0.00,None,N/A,
0.7308,geethu,Navigation,Navigation,945,541,0.00,0.00,None,N/A,
0.7408,geethu,Navigation,Navigation,945,541,0.00,0.00,None,N/A,
0.7514,geethu,Navigation,Navigation,945,541,0.00,0.00,None,N/A,
0.7610,geethu,Navigation,Navigation,945,541,0.00,0.00,None,N/A,
0.7714,geethu,Navigation,Navigation,945,541,0.00,0.00,None,N/A,
0.7808,geethu,Navigation,Navigation,945,541,0.00,0.00,None,N/A,
0.7913,geethu,Navigation,Navigation,945,541,0.00,0.00,None,N/A,
0.8009,geethu,Navigation,Navigation,945,541,0.00,0.00,None,N/A,
0.8111,geethu,Navigation,Navigation,945,541,0.00,0.00,None,N/A,
0.8210,geethu,Navigation,Navigation,945,541,0.00,0.00,None,N/A,
0.8315,geethu,Navigation,Navigation,945,541,0.00,0.00,None,N/A,
0.8410,geethu,Navigation,Navigation,945,541,0.00,0.00,None,N/A,
0.8505,geethu,Navigation,Navigation,945,541,0.00,0.00,None,N/A,
0.8610,geethu,Navigation,Navigation,945,541,0.00,0.00,None,N/A,
0.8714,geethu,Navigation,Navigation,945,541,0.00,0.00,None,N/A,
0.8810,geethu,Navigation,Navigation,945,541,0.00,0.00,None,N/A,
0.8906,geethu,Navigation,Navigation,945,541,0.00,0.00,None,N/A,
0.9014,geethu,Navigation,Navigation,945,541,0.00,0.00,None,N/A,
0.9111,geethu,Navigation,Navigation,945,541,0.00,0.00,None,N/A,
0.9207,geethu,Navigation,Navigation,945,541,0.00,0.00,None,N/A,
0.9313,geethu,Navigation,Navigation,945,541,0.00,0.00,None,N/A,
0.9409,geethu,Navigation,Navigation,945,541,0.00,0.00,None,N/A,
0.9513,geethu,Navigation,Navigation,945,541,0.00,0.00,None,N/A,
0.9609,geethu,Navigation,Navigation,945,541,0.00,0.00,None,N/A,
0.9714,geethu,Navigation,Navigation,945,541,0.00,0.00,None,N/A,
0.9809,geethu,Navigation,Navigation,945,541,0.00,0.00,None,N/A,
0.9906,geethu,Navigation,Navigation,945,541,0.00,0.00,None,N/A,
1.0010,geethu,Navigation,Navigation,944,542,136.59,13191.53,None,N/A,
1.0110,geethu,Navigation,Navigation,942,543,223.74,8719.94,None,N/A,
1.0212,geethu,Navigation,Navigation,937,545,523.45,29133.50,None,N/A,
1.0305,geethu,Navigation,Navigation,935,546,242.60,-30470.96,None,N/A,
1.0413,geethu,Navigation,Navigation,930,548,496.25,23374.61,None,N/A,
1.0511,geethu,Navigation,Navigation,928,549,228.68,-27364.47,None,N/A,
1.0605,geethu,Navigation,Navigation,923,551,573.83,36778.27,None,N/A,
1.0708,geethu,Navigation,Navigation,920,552,306.01,-25916.48,None,N/A,
1.0804,geethu,Navigation,Navigation,915,553,530.23,23316.27,None,N/A,
1.0911,geethu,Navigation,Navigation,912,554,295.76,-21929.47,None,N/A,
1.1012,geethu,Navigation,Navigation,909,555,314.24,1836.88,None,N/A,
1.1121,geethu,Navigation,Navigation,904,555,459.79,13384.34,None,N/A,
1.1209,geethu,Navigation,Navigation,902,556,252.28,-23412.01,None,N/A,
1.1314,geethu,Navigation,Navigation,899,556,287.41,3365.15,None,N/A,
1.1413,geethu,Navigation,Navigation,898,556,100.39,-18774.12,None,N/A,
1.1511,geethu,Navigation,Navigation,895,556,305.57,20898.78,None,N/A,
1.1610,geethu,Navigation,Navigation,894,556,101.72,-20735.45,None,N/A,
1.1713,geethu,Navigation,Navigation,893,556,96.77,-479.00,None,N/A,
1.1807,geethu,Navigation,Navigation,892,556,106.28,1010.69,None,N/A,
1.1908,geethu,Navigation,Navigation,891,556,98.97,-723.31,None,N/A,
1.2010,geethu,Navigation,Navigation,890,556,97.97,-98.07,None,N/A,
1.2107,geethu,Navigation,Navigation,890,556,0.00,-10132.83,None,N/A,
1.2215,geethu,Navigation,Navigation,889,556,92.48,8551.66,None,N/A,
1.2315,geethu,Navigation,Navigation,888,556,100.46,802.67,None,N/A,
1.2410,geethu,Navigation,Navigation,887,556,104.79,453.18,None,N/A,
1.2511,geethu,Navigation,Navigation,886,556,98.89,-583.44,None,N/A,
1.2608,geethu,Navigation,Navigation,884,556,207.01,11191.58,None,N/A,
1.2708,geethu,Navigation,Navigation,883,555,140.91,-6586.42,None,N/A,
1.2806,geethu,Navigation,Navigation,881,555,204.91,6556.37,None,N/A,
1.2912,geethu,Navigation,Navigation,880,554,132.62,-6778.82,None,N/A,
1.3010,geethu,Navigation,Navigation,877,554,306.71,17799.33,None,N/A,
1.3109,geethu,Navigation,Navigation,876,553,142.57,-16547.60,None,N/A,
1.3208,geethu,Navigation,Navigation,874,553,202.40,6054.90,None,N/A,
1.3310,geethu,Navigation,Navigation,870,551,440.75,23490.87,None,N/A,
1.3406,geethu,Navigation,Navigation,867,550,329.99,-11558.28,None,N/A,
1.3504,geethu,Navigation,Navigation,863,548,453.38,12508.70,None,N/A,
1.3618,geethu,Navigation,Navigation,860,547,278.46,-15402.33,None,N/A,
1.3710,geethu,Navigation,Navigation,857,545,392.71,12443.05,None,N/A,
1.3806,geethu,Navigation,Navigation,855,544,230.74,-16713.38,None,N/A,
1.3935,geethu,Navigation,Navigation,851,542,348.25,9150.56,None,N/A,
1.4012,geethu,Navigation,Navigation,849,541,288.88,-7670.30,None,N/A,
1.4110,geethu,Navigation,Navigation,847,538,370.32,8364.72,None,N/A,
1.4208,geethu,Navigation,Navigation,846,537,143.78,-23031.67,None,N/A,
1.4307,geethu,Navigation,Navigation,843,535,364.75,22353.97,None,N/A,
1.4411,geethu,Navigation,Navigation,842,533,213.99,-14427.48,None,N/A,
1.4511,geethu,Navigation,Navigation,840,532,224.80,1087.50,None,N/A,
1.4608,geethu,Navigation,Navigation,838,529,371.26,15080.16,None,N/A,
1.4708,geethu,Navigation,Navigation,838,528,99.89,-27106.12,None,N/A,
1.4813,geethu,Navigation,Navigation,836,524,427.00,31232.19,None,N/A,
1.4912,geethu,Navigation,Navigation,836,523,100.69,-32856.07,None,N/A,
1.5010,geethu,Navigation,Navigation,834,520,369.30,27512.09,None,N/A,
1.5109,geethu,Navigation,Navigation,834,518,201.33,-16908.48,None,N/A,
1.5205,geethu,Navigation,Navigation,833,515,329.82,13401.42,None,N/A,
1.5313,geethu,Navigation,Navigation,833,514,92.48,-21949.79,None,N/A,
1.5411,geethu,Navigation,Navigation,832,511,321.66,23311.15,None,N/A,
1.5512,geethu,Navigation,Navigation,832,510,99.43,-22096.53,None,N/A,
1.5611,geethu,Navigation,Navigation,832,508,202.46,10429.68,None,N/A,
1.5707,geethu,Navigation,Navigation,832,506,208.18,595.17,None,N/A,
1.5806,geethu,Navigation,Navigation,832,504,202.51,-574.50,None,N/A,
1.5912,geethu,Navigation,Navigation,832,501,281.76,7442.98,None,N/A,
1.6010,geethu,Navigation,Navigation,833,500,144.03,-14026.59,None,N/A,
1.6110,geethu,Navigation,Navigation,833,497,300.23,15632.09,None,N/A,
1.6210,geethu,Navigation,Navigation,833,495,200.57,-9994.13,None,N/A,
1.6307,geethu,Navigation,Navigation,833,493,206.22,582.67,None,N/A,
1.6412,geethu,Navigation,Navigation,833,491,189.40,-1593.52,None,N/A,
1.6509,geethu,Navigation,Navigation,833,489,208.08,1943.92,None,N/A,
1.6609,geethu,Navigation,Navigation,833,488,99.69,-10805.60,None,N/A,
1.6709,geethu,Navigation,Navigation,833,487,99.51,-18.12,None,N/A,
1.6814,geethu,Navigation,Navigation,833,485,191.21,8766.34,None,N/A,
1.6911,geethu,Navigation,Navigation,833,485,0.00,-19653.43,None,N/A,
1.7009,geethu,Navigation,Navigation,833,483,203.87,20781.34,None,N/A,
1.7108,geethu,Navigation,Navigation,833,483,0.00,-20769.73,None,N/A,
1.7207,geethu,Navigation,Navigation,833,481,201.77,20354.69,None,N/A,
1.7314,geethu,Navigation,Navigation,833,481,0.00,-18820.98,None,N/A,
1.7411,geethu,Navigation,Navigation,834,479,229.64,23583.71,None,N/A,
1.7509,geethu,Navigation,Navigation,834,479,0.00,-23584.28,None,N/A,
1.7606,geethu,Navigation,Navigation,834,477,205.91,21199.67,None,N/A,
1.7706,geethu,Navigation,Navigation,834,477,0.00,-20477.85,None,N/A,
1.7806,geethu,Navigation,Navigation,834,476,100.68,10136.83,None,N/A,
1.7911,geethu,Navigation,Navigation,834,475,94.63,-572.27,None,N/A,
1.8010,geethu,Navigation,Navigation,834,474,100.92,634.75,None,N/A,
1.8110,geethu,Navigation,Navigation,834,472,200.57,9993.60,None,N/A,
1.8209,geethu,Navigation,Navigation,834,471,100.83,-10057.19,None,N/A,
1.8315,geethu,Navigation,Navigation,834,470,94.73,-578.18,None,N/A,
1.8413,geethu,Navigation,Navigation,834,469,101.72,710.62,None,N/A,
1.8511,geethu,Navigation,Navigation,834,467,204.35,10485.91,None,N/A,
1.8609,geethu,Navigation,Navigation,834,466,102.06,-10439.31,None,N/A,
1.8705,geethu,Navigation,Navigation,834,465,103.94,196.11,None,N/A,
1.8808,geethu,Navigation,Navigation,834,464,97.63,-616.08,None,N/A,
1.8911,geethu,Navigation,Navigation,834,463,96.72,-88.41,None,N/A,
1.9013,geethu,Navigation,Navigation,835,462,139.20,4181.14,None,N/A,
1.9109,geethu,Navigation,Navigation,835,462,0.00,-14437.51,None,N/A,
1.9207,geethu,Navigation,Navigation,835,460,203.73,20753.08,None,N/A,
1.9309,geethu,Navigation,Navigation,836,460,98.17,-10362.87,None,N/A,
1.9414,geethu,Navigation,Navigation,836,458,189.86,8704.45,None,N/A,
1.9513,geethu,Navigation,Navigation,837,457,142.80,-4751.91,None,N/A,
1.9609,geethu,Navigation,Navigation,838,455,233.93,9533.78,None,N/A,
1.9707,geethu,Navigation,Navigation,838,454,101.73,-13448.68,None,N/A,
1.9808,geethu,Navigation,Navigation,840,452,281.23,17848.57,None,N/A,
1.9913,geethu,Navigation,Navigation,842,451,212.78,-6514.18,None,N/A,
2.0010,geethu,Navigation,Navigation,844,448,373.01,16576.28,None,N/A,
2.0111,geethu,Navigation,Navigation,846,447,219.53,-15067.63,None,N/A,
2.0216,geethu,Navigation,Navigation,850,444,479.17,24882.43,None,N/A,
2.0307,geethu,Navigation,Navigation,852,443,245.60,-25654.73,None,N/A,
2.0415,geethu,Navigation,Navigation,854,441,262.32,1550.33,None,N/A,
2.0511,geethu,Navigation,Navigation,859,438,603.95,35384.50,None,N/A,
2.0611,geethu,Navigation,Navigation,862,436,362.64,-24270.14,None,N/A,
2.0707,geethu,Navigation,Navigation,867,433,603.89,24984.89,None,N/A,
2.0806,geethu,Navigation,Navigation,869,432,225.84,-38182.28,None,N/A,
2.0913,geethu,Navigation,Navigation,874,429,548.59,30365.26,None,N/A,
2.1013,geethu,Navigation,Navigation,876,428,223.13,-32476.97,None,N/A,
2.1107,geethu,Navigation,Navigation,881,427,538.49,33304.43,None,N/A,
2.1210,geethu,Navigation,Navigation,883,426,217.71,-31232.50,None,N/A,
2.1308,geethu,Navigation,Navigation,886,425,324.13,10908.40,None,N/A,
2.1413,geethu,Navigation,Navigation,891,425,476.68,14543.10,None,N/A,
2.1513,geethu,Navigation,Navigation,894,424,315.56,-16078.01,None,N/A,
2.1611,geethu,Navigation,Navigation,899,424,511.13,19992.00,None,N/A,
2.1708,geethu,Navigation,Navigation,902,423,324.49,-19151.26,None,N/A,
2.1808,geethu,Navigation,Navigation,908,423,601.20,27726.96,None,N/A,
2.1913,geethu,Navigation,Navigation,910,422,212.79,-36962.59,None,N/A,
2.2010,geethu,Navigation,Navigation,916,422,617.02,41569.79,None,N/A,
2.2109,geethu,Navigation,Navigation,919,421,320.98,-30049.00,None,N/A,
2.2205,geethu,Navigation,Navigation,926,421,723.67,41631.07,None,N/A,
2.2305,geethu,Navigation,Navigation,930,420,415.74,-31049.39,None,N/A,
2.2409,geethu,Navigation,Navigation,937,420,668.57,24147.37,None,N/A,
2.2510,geethu,Navigation,Navigation,941,420,397.37,-26941.51,None,N/A,
2.2608,geethu,Navigation,Navigation,946,420,509.75,11457.17,None,N/A,
2.2707,geethu,Navigation,Navigation,955,420,908.80,40295.13,None,N/A,
2.2806,geethu,Navigation,Navigation,959,420,406.47,-51045.40,None,N/A,
2.2912,geethu,Navigation,Navigation,967,420,753.27,32653.94,None,N/A,
2.3011,geethu,Navigation,Navigation,971,420,402.02,-35302.39,None,N/A,
2.3109,geethu,Navigation,Navigation,980,420,919.87,52928.13,None,N/A,
2.3209,geethu,Navigation,Navigation,984,420,401.91,-52043.32,None,N/A,
2.3315,geethu,Navigation,Navigation,993,420,849.37,42229.65,None,N/A,
2.3413,geethu,Navigation,Navigation,997,421,417.81,-43732.04,None,N/A,
2.3509,geethu,Navigation,Navigation,1004,421,728.67,32358.60,None,N/A,
2.3612,geethu,Navigation,Navigation,1007,422,308.00,-40971.93,None,N/A,
2.3708,geethu,Navigation,Navigation,1010,422,313.01,522.87,None,N/A,
2.3806,geethu,Navigation,Navigation,1019,423,926.23,62723.64,None,N/A,
2.3913,geethu,Navigation,Navigation,1023,424,383.19,-50468.58,None,N/A,
2.4012,geethu,Navigation,Navigation,1032,425,913.23,53453.87,None,N/A,
2.4115,geethu,Navigation,Navigation,1036,426,402.74,-49863.53,None,N/A,
2.4207,geethu,Navigation,Navigation,1044,428,896.83,53735.67,None,N/A,
2.4314,geethu,Navigation,Navigation,1047,429,293.49,-55995.42,None,N/A,
2.4412,geethu,Navigation,Navigation,1055,431,841.95,55998.09,None,N/A,
2.4505,geethu,Navigation,Navigation,1059,432,446.41,-42824.72,None,N/A,
2.4606,geethu,Navigation,Navigation,1067,435,845.85,39544.13,None,N/A,
2.4709,geethu,Navigation,Navigation,1071,437,433.47,-39970.75,None,N/A,
2.4806,geethu,Navigation,Navigation,1074,438,325.96,-11081.90,None,N/A,
2.4912,geethu,Navigation,Navigation,1082,441,808.49,45659.79,None,N/A,
2.5011,geethu,Navigation,Navigation,1085,442,317.11,-49274.85,None,N/A,
2.5108,geethu,Navigation,Navigation,1090,445,599.96,29102.87,None,N/A,
2.5208,geethu,Navigation,Navigation,1093,446,318.71,-28345.86,None,N/A,
2.5307,geethu,Navigation,Navigation,1097,449,505.91,18941.87,None,N/A,
2.5415,geethu,Navigation,Navigation,1100,450,292.47,-19740.51,None,N/A,
2.5511,geethu,Navigation,Navigation,1104,453,520.48,23734.17,None,N/A,
2.5610,geethu,Navigation,Navigation,1106,455,285.37,-23720.55,None,N/A,
2.5706,geethu,Navigation,Navigation,1110,458,522.11,24720.17,None,N/A,
2.5815,geethu,Navigation,Navigation,1113,460,329.60,-17598.00,None,N/A,
2.5907,geethu,Navigation,Navigation,1115,462,308.93,-2257.65,None,N/A,
2.6007,geethu,Navigation,Navigation,1119,465,495.70,18516.02,None,N/A,
2.6109,geethu,Navigation,Navigation,1121,467,278.54,-21385.52,None,N/A,
2.6207,geethu,Navigation,Navigation,1124,470,432.35,15673.61,None,N/A,
2.6308,geethu,Navigation,Navigation,1126,472,280.46,-15060.53,None,N/A,
2.6413,geethu,Navigation,Navigation,1129,475,404.95,11882.62,None,N/A,
2.6512,geethu,Navigation,Navigation,1131,477,285.00,-12087.14,None,N/A,
2.6608,geethu,Navigation,Navigation,1135,481,586.97,31333.77,None,N/A,
2.6710,geethu,Navigation,Navigation,1136,483,220.94,-36166.72,None,N/A,
2.6807,geethu,Navigation,Navigation,1140,487,582.08,37159.76,None,N/A,
2.6905,geethu,Navigation,Navigation,1141,490,321.31,-26495.56,None,N/A,
2.7009,geethu,Navigation,Navigation,1143,494,431.30,10606.67,None,N/A,
2.7110,geethu,Navigation,Navigation,1144,497,313.65,-11668.82,None,N/A,
2.7213,geethu,Navigation,Navigation,1146,503,613.12,29031.16,None,N/A,
2.7306,geethu,Navigation,Navigation,1146,506,322.39,-31242.45,None,N/A,
2.7406,geethu,Navigation,Navigation,1146,509,300.65,-2178.55,None,N/A,
2.7511,geethu,Navigation,Navigation,1146,516,664.63,34558.94,None,N/A,
2.7605,geethu,Navigation,Navigation,1146,520,427.40,-25348.19,None,N/A,
2.7706,geethu,Navigation,Navigation,1145,526,597.44,16700.58,None,N/A,
2.7806,geethu,Navigation,Navigation,1144,529,317.27,-28109.03,None,N/A,
2.7912,geethu,Navigation,Navigation,1142,534,509.59,18198.62,None,N/A,
2.8012,geethu,Navigation,Navigation,1141,536,223.03,-28582.05,None,N/A,
2.8108,geethu,Navigation,Navigation,1139,539,377.26,16137.03,None,N/A,
2.8209,geethu,Navigation,Navigation,1138,541,220.43,-15459.95,None,N/A,
2.8305,geethu,Navigation,Navigation,1137,543,232.66,1272.22,None,N/A,
2.8412,geethu,Navigation,Navigation,1133,546,467.17,21910.58,None,N/A,
2.8511,geethu,Navigation,Navigation,1131,546,201.86,-26777.36,None,N/A,
2.8608,geethu,Navigation,Navigation,1127,548,460.53,26637.38,None,N/A,
2.8713,geethu,Navigation,Navigation,1125,549,213.68,-23589.36,None,N/A,
2.8815,geethu,Navigation,Navigation,1120,551,528.66,30921.77,None,N/A,
2.8914,geethu,Navigation,Navigation,1117,551,302.54,-22803.51,None,N/A,
2.9012,geethu,Navigation,Navigation,1112,552,520.82,22295.05,None,N/A,
2.9113,geethu,Navigation,Navigation,1109,552,297.14,-22154.53,None,N/A,
2.9205,geethu,Navigation,Navigation,1100,553,985.04,74828.95,None,N/A,
2.9307,geethu,Navigation,Navigation,1094,553,587.53,-38924.39,None,N/A,
2.9494,geethu,Navigation,Navigation,1077,552,907.80,17072.54,None,N/A,
2.9511,geethu,Navigation,Navigation,1077,552,0.00,-535599.82,None,N/A,
2.9611,geethu,Navigation,Navigation,1070,551,708.20,70930.49,None,N/A,
2.9707,geethu,Navigation,Navigation,1055,549,1573.84,90027.79,None,N/A,
2.9808,geethu,Navigation,Navigation,1048,548,704.19,-86606.04,None,N/A,
2.9912,geethu,Navigation,Navigation,1037,547,1059.57,34091.67,None,N/A,
3.0012,geethu,Navigation,Navigation,1033,546,413.33,-64783.61,None,N/A,
3.0108,geethu,Navigation,Navigation,1025,546,827.99,42917.74,None,N/A,
3.0210,geethu,Navigation,Navigation,1022,545,309.97,-50777.14,None,N/A,
3.0305,geethu,Navigation,Navigation,1014,544,850.53,57027.49,None,N/A,
3.0412,geethu,Navigation,Navigation,1010,544,374.71,-44574.04,None,N/A,
3.0509,geethu,Navigation,Navigation,1002,542,847.06,48520.29,None,N/A,
3.0610,geethu,Navigation,Navigation,999,542,297.69,-54513.60,None,N/A,
3.0711,geethu,Navigation,Navigation,995,541,409.43,11096.44,None,N/A,
3.0815,geethu,Navigation,Navigation,989,540,584.62,16837.95,None,N/A,
3.0913,geethu,Navigation,Navigation,986,539,320.72,-26765.13,None,N/A,
3.1013,geethu,Navigation,Navigation,981,536,586.49,26731.83,None,N/A,
3.1110,geethu,Navigation,Navigation,978,534,371.69,-22143.52,None,N/A,
3.1208,geethu,Navigation,Navigation,972,529,794.96,43081.13,None,N/A,
3.1306,geethu,Navigation,Navigation,968,526,508.72,-29122.78,None,N/A,
3.1410,geethu,Navigation,Navigation,958,516,1361.06,82030.57,None,N/A,
3.1513,geethu,Navigation,Navigation,951,509,968.97,-38377.98,None,N/A,
3.1611,geethu,Navigation,Navigation,936,494,2156.18,120671.02,None,N/A,
3.1708,geethu,Navigation,Navigation,930,488,873.20,-132028.00,None,N/A,
3.1807,geethu,Navigation,Navigation,925,483,715.40,-15965.23,None,N/A,
3.1913,geethu,Navigation,Navigation,917,475,1066.67,33118.97,None,N/A,
3.2014,geethu,Navigation,Navigation,913,472,496.27,-56614.94,None,N/A,
3.2109,geethu,Navigation,Navigation,906,466,965.41,49125.19,None,N/A,
3.2210,geethu,Navigation,Navigation,903,464,358.80,-60366.02,None,N/A,
3.2305,geethu,Navigation,Navigation,898,460,671.20,32746.48,None,N/A,
3.2414,geethu,Navigation,Navigation,896,457,331.86,-31233.15,None,N/A,
3.2511,geethu,Navigation,Navigation,892,453,578.97,25290.77,None,N/A,
3.2613,geethu,Navigation,Navigation,890,450,355.21,-22043.74,None,N/A,
3.2705,geethu,Navigation,Navigation,888,445,585.50,25038.75,None,N/A,
3.2807,geethu,Navigation,Navigation,887,442,309.87,-27009.35,None,N/A,
3.2910,geethu,Navigation,Navigation,887,437,484.96,16982.33,None,N/A,
3.3011,geethu,Navigation,Navigation,887,434,295.89,-18647.61,None,N/A,
3.3111,geethu,Navigation,Navigation,888,431,317.77,2198.61,None,N/A,
3.3207,geethu,Navigation,Navigation,891,426,606.25,29993.38,None,N/A,
3.3307,geethu,Navigation,Navigation,893,424,284.14,-32358.92,None,N/A,
3.3415,geethu,Navigation,Navigation,899,418,786.15,46510.39,None,N/A,
3.3506,geethu,Navigation,Navigation,902,416,395.96,-42850.62,None,N/A,
3.3611,geethu,Navigation,Navigation,910,411,898.70,47892.74,None,N/A,
3.3709,geethu,Navigation,Navigation,913,409,365.48,-54050.55,None,N/A,
3.3805,geethu,Navigation,Navigation,921,404,988.66,65307.34,None,N/A,
3.3904,geethu,Navigation,Navigation,924,402,362.08,-62922.86,None,N/A,
3.4009,geethu,Navigation,Navigation,931,397,820.09,43663.67,None,N/A,
3.4108,geethu,Navigation,Navigation,934,395,365.00,-46070.29,None,N/A,
3.4208,geethu,Navigation,Navigation,937,393,361.74,-327.60,None,N/A,
3.4313,geethu,Navigation,Navigation,941,390,475.78,10852.11,None,N/A,
3.4413,geethu,Navigation,Navigation,943,389,222.54,-25203.39,None,N/A,
3.4511,geethu,Navigation,Navigation,947,386,512.46,29714.89,None,N/A,
3.4610,geethu,Navigation,Navigation,948,385,142.55,-37287.03,None,N/A,
3.4707,geethu,Navigation,Navigation,950,383,291.62,15369.96,None,N/A,
3.4806,geethu,Navigation,Navigation,951,382,142.55,-15026.43,None,N/A,
3.4910,geethu,Navigation,Navigation,953,380,271.83,12423.69,None,N/A,
3.5005,geethu,Navigation,Navigation,953,379,105.37,-17539.66,None,N/A,
3.5107,geethu,Navigation,Navigation,955,377,277.54,16893.22,None,N/A,
3.5208,geethu,Navigation,Navigation,955,376,98.72,-17652.89,None,N/A,
3.5310,geethu,Navigation,Navigation,956,375,139.34,4001.83,None,N/A,
3.5414,geethu,Navigation,Navigation,956,373,192.90,5165.91,None,N/A,
3.5513,geethu,Navigation,Navigation,956,371,200.85,798.23,None,N/A,
3.5610,geethu,Navigation,Navigation,956,369,205.90,520.22,None,N/A,
3.5709,geethu,Navigation,Navigation,956,368,101.07,-10595.28,None,N/A,
3.5811,geethu,Navigation,Navigation,956,365,296.01,19234.71,None,N/A,
3.5914,geethu,Navigation,Navigation,955,364,136.95,-15403.34,None,N/A,
3.6013,geethu,Navigation,Navigation,955,362,201.57,6512.48,None,N/A,
3.6111,geethu,Navigation,Navigation,954,360,229.20,2832.75,None,N/A,
3.6206,geethu,Navigation,Navigation,953,358,234.60,566.01,None,N/A,
3.6307,geethu,Navigation,Navigation,953,357,99.22,-13432.33,None,N/A,
3.6412,geethu,Navigation,Navigation,952,355,211.39,10603.79,None,N/A,
3.6514,geethu,Navigation,Navigation,951,354,139.93,-7070.49,None,N/A,
3.6610,geethu,Navigation,Navigation,950,353,146.22,649.81,None,N/A,
3.6708,geethu,Navigation,Navigation,949,351,227.71,8298.13,None,N/A,
3.6814,geethu,Navigation,Navigation,948,350,133.40,-8895.68,None,N/A,
3.6904,geethu,Navigation,Navigation,946,348,315.22,20263.18,None,N/A,
3.7008,geethu,Navigation,Navigation,945,347,135.62,-17223.31,None,N/A,
3.7109,geethu,Navigation,Navigation,942,345,360.09,22417.97,None,N/A,
3.7211,geethu,Navigation,Navigation,941,344,138.53,-21703.29,None,N/A,
3.7306,geethu,Navigation,Navigation,938,342,376.81,24901.59,None,N/A,
3.7415,geethu,Navigation,Navigation,937,341,130.60,-22736.40,None,N/A,
3.7511,geethu,Navigation,Navigation,934,339,376.20,25625.80,None,N/A,
3.7610,geethu,Navigation,Navigation,933,338,142.61,-23555.00,None,N/A,
3.7710,geethu,Navigation,Navigation,932,337,141.37,-123.34,None,N/A,
3.7808,geethu,Navigation,Navigation,930,335,286.52,14702.99,None,N/A,
3.7914,geethu,Navigation,Navigation,930,334,95.10,-18203.89,None,N/A,
3.8013,geethu,Navigation,Navigation,928,332,285.51,19220.76,None,N/A,
3.8111,geethu,Navigation,Navigation,928,331,101.74,-18697.04,None,N/A,
3.8209,geethu,Navigation,Navigation,927,330,144.58,4379.37,None,N/A,
3.8307,geethu,Navigation,Navigation,926,329,143.75,-84.41,None,N/A,
3.8414,geethu,Navigation,Navigation,926,328,93.36,-4704.09,None,N/A,
3.8513,geethu,Navigation,Navigation,925,328,101.07,779.07,None,N/A,
3.8610,geethu,Navigation,Navigation,925,327,103.72,275.07,None,N/A,
3.8712,geethu,Navigation,Navigation,925,327,0.00,-10086.99,None,N/A,
3.8820,geethu,Navigation,Navigation,925,327,0.00,0.00,None,N/A,
3.8912,geethu,Navigation,Navigation,925,327,0.00,0.00,None,N/A,
3.9011,geethu,Navigation,Navigation,925,327,0.00,0.00,None,N/A,
3.9145,geethu,Navigation,Navigation,925,327,0.00,0.00,None,N/A,
3.9210,geethu,Navigation,Navigation,925,327,0.00,0.00,None,N/A,
3.9306,geethu,Navigation,Navigation,925,327,0.00,0.00,None,N/A,
3.9411,geethu,Navigation,Navigation,925,327,0.00,0.00,None,N/A,
3.9508,geethu,Navigation,Navigation,925,327,0.00,0.00,None,N/A,
3.9614,geethu,Navigation,Navigation,925,327,0.00,0.00,None,N/A,
3.9709,geethu,Navigation,Navigation,925,327,0.00,0.00,None,N/A,
3.9814,geethu,Navigation,Navigation,925,327,0.00,0.00,None,N/A,
3.9909,geethu,Navigation,Navigation,925,327,0.00,0.00,None,N/A,
4.0014,geethu,Navigation,Navigation,925,327,0.00,0.00,None,N/A,
4.0110,geethu,Navigation,Navigation,925,327,0.00,0.00,None,N/A,
4.0207,geethu,Navigation,Navigation,925,327,0.00,0.00,None,N/A,
4.0312,geethu,Navigation,Navigation,925,327,0.00,0.00,None,N/A,
4.0407,geethu,Navigation,Navigation,925,327,0.00,0.00,None,N/A,
4.0512,geethu,Navigation,Navigation,925,327,0.00,0.00,None,N/A,
4.0607,geethu,Navigation,Navigation,925,327,0.00,0.00,None,N/A,
4.0713,geethu,Navigation,Navigation,925,327,0.00,0.00,None,N/A,
4.0810,geethu,Navigation,Navigation,925,327,0.00,0.00,None,N/A,
4.0905,geethu,Navigation,Navigation,925,327,0.00,0.00,None,N/A,
4.1019,geethu,Navigation,Navigation,925,327,0.00,0.00,None,N/A,
4.1115,geethu,Navigation,Navigation,925,327,0.00,0.00,None,N/A,
4.1211,geethu,Navigation,Navigation,925,327,0.00,0.00,None,N/A,
4.1326,geethu,Navigation,Navigation,925,327,0.00,0.00,None,N/A,
4.1410,geethu,Navigation,Navigation,925,327,0.00,0.00,None,N/A,
4.1515,geethu,Navigation,Navigation,925,327,0.00,0.00,None,N/A,
4.1610,geethu,Navigation,Navigation,925,327,0.00,0.00,None,N/A,
4.1712,geethu,Navigation,Navigation,925,327,0.00,0.00,None,N/A,
4.1816,geethu,Navigation,Navigation,925,327,0.00,0.00,None,N/A,
4.1937,geethu,Navigation,Navigation,925,327,0.00,0.00,None,N/A,
4.2008,geethu,Navigation,Navigation,925,327,0.00,0.00,None,N/A,
4.2125,geethu,Navigation,Navigation,925,327,0.00,0.00,None,N/A,
4.2235,geethu,Navigation,Navigation,925,327,0.00,0.00,None,N/A,
4.2311,geethu,Navigation,Navigation,925,327,0.00,0.00,None,N/A,
4.2409,geethu,Navigation,Navigation,925,327,0.00,0.00,None,N/A,
4.2506,geethu,Navigation,Navigation,925,327,0.00,0.00,None,N/A,
4.2612,geethu,Navigation,Navigation,925,327,0.00,0.00,None,N/A,
4.2707,geethu,Navigation,Navigation,925,327,0.00,0.00,None,N/A,
4.2812,geethu,Navigation,Navigation,925,327,0.00,0.00,None,N/A,
4.2916,geethu,Navigation,Navigation,925,327,0.00,0.00,None,N/A,
4.3009,geethu,Navigation,Navigation,924,327,106.73,11391.45,None,N/A,
4.3136,geethu,Navigation,Navigation,924,327,0.00,-8400.79,None,N/A,
4.3221,geethu,Navigation,Navigation,924,327,0.00,0.00,None,N/A,
4.3313,geethu,Navigation,Navigation,924,327,0.00,0.00,None,N/A,
4.3411,geethu,Navigation,Navigation,924,327,0.00,0.00,None,N/A,
4.3507,geethu,Navigation,Navigation,924,327,0.00,0.00,None,N/A,
4.3614,geethu,Navigation,Navigation,924,327,0.00,0.00,None,N/A,
4.3708,geethu,Navigation,Navigation,924,327,0.00,0.00,None,N/A,
4.3813,geethu,Navigation,Navigation,924,327,0.00,0.00,None,N/A,
4.3909,geethu,Navigation,Navigation,924,327,0.00,0.00,None,N/A,
4.4013,geethu,Navigation,Navigation,924,327,0.00,0.00,None,N/A,
4.4140,geethu,Navigation,Navigation,924,328,78.48,6159.63,None,N/A,
4.4207,geethu,Navigation,Navigation,924,328,0.00,-11734.32,None,N/A,
4.4337,geethu,Navigation,Navigation,924,328,0.00,0.00,None,N/A,
4.4415,geethu,Navigation,Navigation,924,328,0.00,0.00,None,N/A,
4.4525,geethu,Navigation,Navigation,924,328,0.00,0.00,None,N/A,
4.4610,geethu,Navigation,Navigation,924,328,0.00,0.00,None,N/A,
4.4706,geethu,Navigation,Navigation,924,328,0.00,0.00,None,N/A,
4.4810,geethu,Navigation,Navigation,924,328,0.00,0.00,None,N/A,
4.4905,geethu,Navigation,Navigation,924,328,0.00,0.00,None,N/A,
4.5010,geethu,Navigation,Navigation,924,328,0.00,0.00,None,N/A,
4.5115,geethu,Navigation,Navigation,924,328,0.00,0.00,None,N/A,
4.5223,geethu,Navigation,Navigation,924,328,0.00,0.00,None,N/A,
4.5345,geethu,Navigation,Navigation,924,328,0.00,0.00,None,N/A,
4.5431,geethu,Navigation,Navigation,924,328,0.00,0.00,None,N/A,
4.5507,geethu,Navigation,Navigation,924,328,0.00,0.00,None,N/A,
4.5607,geethu,Navigation,Navigation,924,328,0.00,0.00,None,N/A,
4.5712,geethu,Navigation,Navigation,924,328,0.00,0.00,None,N/A,
4.5835,geethu,Navigation,Navigation,924,328,0.00,0.00,None,N/A,
4.5906,geethu,Navigation,Navigation,924,328,0.00,0.00,None,N/A,
4.6012,geethu,Navigation,Navigation,924,328,0.00,0.00,None,N/A,
4.6107,geethu,Navigation,Navigation,924,328,0.00,0.00,None,N/A,
4.6213,geethu,Navigation,Navigation,924,328,0.00,0.00,None,N/A,
4.6310,geethu,Navigation,Navigation,924,328,0.00,0.00,None,N/A,
